device_category,checkout_users,repeated_failures,failure_rate,estimated_revenue_at_risk
desktop,5665,1060,0.18711385701676964,85519.02428157719
mobile,3968,672,0.1693548387096774,54215.83426152818
tablet,219,38,0.1735159817351598,3065.776342169748
